Workbook

Sheet prep_plan
A1: Std | B1: Target_C2_mg_per_L | C1: V1_from_10000mgL_mL | D1: Top_up_to_50.00_mL_with
A2: Blank | B2: 0 | C2: 0 | D2: Solvent
A3: S1 | B3: 50 | C3: 0.25 | D3: Solvent
A4: S2 | B4: 150 | C4: 0.75 | D4: Solvent
A5: S3 | B5: 300 | C5: 1.5 | D5: Solvent
A6: S4 | B6: 500 | C6: 2.5 | D6: Solvent
A7: S5 | B7: 700 | C7: 3.5 | D7: Solvent
A8: S6 | B8: 900 | C8: 4.5 | D8: Solvent
A9: S7 | B9: 1100 | C9: 5.5 | D9: Solvent
A11: Primary stock (10,000 mg/L): weigh 1.0000 g nonanoic acid, dilute to 100.00 mL with ethanol/methanol.
A12: Prepare standards to 50.00 mL. Use the volumes above from the 10,000 mg/L stock (monotonic V1).
A13: Enter peak Areas on 'data'. If using an internal standard (IS), enter IS_Area; Area_Ratio will auto-calc.
A14: Calibration sheet computes slope, intercept, and R^2 for Area and Area_Ratio models.
A15: Paste sample Areas on 'samples' to get concentrations by both models.

Sheet data
A1: Standard_ID | B1: Concentration_mgL | C1: Area | D1: IS_Area | E1: Area_Ratio (Area/IS_Area)
A2: Blank | B2: 0 | E2: =IFERROR(C2/D2,"") -> 0
A3: S1 | B3: 50 | E3: =IFERROR(C3/D3,"") -> 0
A4: S2 | B4: 150 | E4: =IFERROR(C4/D4,"") -> 0
A5: S3 | B5: 300 | E5: =IFERROR(C5/D5,"") -> 0
A6: S4 | B6: 500 | E6: =IFERROR(C6/D6,"") -> 0
A7: S5 | B7: 700 | E7: =IFERROR(C7/D7,"") -> 0
A8: S6 | B8: 900 | E8: =IFERROR(C8/D8,"") -> 0
A9: S7 | B9: 1100 | E9: =IFERROR(C9/D9,"") -> 0

Sheet samples
A1: Sample_ID | B1: Area | C1: IS_Area | D1: Area_Ratio (Area/IS_Area) | E1: Conc_from_Area_mgL | F1: Conc_from_Ratio_mgL
D2: =IFERROR(B2/C2,"") -> 0 | E2: =IFERROR((B2-calibration!$F$4)/calibration!$E$4,"") -> 0 | F2: =IFERROR((D2-calibration!$F$5)/calibration!$E$5,"") -> 0
D3: =IFERROR(B3/C3,"") -> 0 | E3: =IFERROR((B3-calibration!$F$4)/calibration!$E$4,"") -> 0 | F3: =IFERROR((D3-calibration!$F$5)/calibration!$E$5,"") -> 0
D4: =IFERROR(B4/C4,"") -> 0 | E4: =IFERROR((B4-calibration!$F$4)/calibration!$E$4,"") -> 0 | F4: =IFERROR((D4-calibration!$F$5)/calibration!$E$5,"") -> 0
D5: =IFERROR(B5/C5,"") -> 0 | E5: =IFERROR((B5-calibration!$F$4)/calibration!$E$4,"") -> 0 | F5: =IFERROR((D5-calibration!$F$5)/calibration!$E$5,"") -> 0
D6: =IFERROR(B6/C6,"") -> 0 | E6: =IFERROR((B6-calibration!$F$4)/calibration!$E$4,"") -> 0 | F6: =IFERROR((D6-calibration!$F$5)/calibration!$E$5,"") -> 0
D7: =IFERROR(B7/C7,"") -> 0 | E7: =IFERROR((B7-calibration!$F$4)/calibration!$E$4,"") -> 0 | F7: =IFERROR((D7-calibration!$F$5)/calibration!$E$5,"") -> 0
D8: =IFERROR(B8/C8,"") -> 0 | E8: =IFERROR((B8-calibration!$F$4)/calibration!$E$4,"") -> 0 | F8: =IFERROR((D8-calibration!$F$5)/calibration!$E$5,"") -> 0
D9: =IFERROR(B9/C9,"") -> 0 | E9: =IFERROR((B9-calibration!$F$4)/calibration!$E$4,"") -> 0 | F9: =IFERROR((D9-calibration!$F$5)/calibration!$E$5,"") -> 0
D10: =IFERROR(B10/C10,"") -> 0 | E10: =IFERROR((B10-calibration!$F$4)/calibration!$E$4,"") -> 0 | F10: =IFERROR((D10-calibration!$F$5)/calibration!$E$5,"") -> 0
D11: =IFERROR(B11/C11,"") -> 0 | E11: =IFERROR((B11-calibration!$F$4)/calibration!$E$4,"") -> 0 | F11: =IFERROR((D11-calibration!$F$5)/calibration!$E$5,"") -> 0

Sheet calibration
A1: Calibration (Automatic)
A3: Range used from 'data' (edit if you add/remove points) | D3: Model | E3: Slope (m) | F3: Intercept (b) | G3: R^2
A4: X (Concentration_mgL) | B4: data!B2:B9 | D4: Area vs Conc | E4: =SLOPE(data!C2:C9, data!B2:B9) -> 0 | F4: =INTERCEPT(data!C2:C9, data!B2:B9) -> 0 | G4: =RSQ(data!C2:C9, data!B2:B9) -> 0
A5: Y_Area | B5: data!C2:C9 | D5: Area_Ratio vs Conc | E5: =SLOPE(data!E2:E9, data!B2:B9) -> 0 | F5: =INTERCEPT(data!E2:E9, data!B2:B9) -> 0 | G5: =RSQ(data!E2:E9, data!B2:B9) -> 0
A6: Y_Area_Ratio | B6: data!E2:E9
